1,aligned-images/punith/punith_2.png
1,aligned-images/punith/punith_1.png
1,aligned-images/punith/punith_0.png
2,aligned-images/unknown/8-05.png
2,aligned-images/unknown/8-11.png
2,aligned-images/unknown/8-07.png
2,aligned-images/unknown/8-01.png
2,aligned-images/unknown/8-13.png
2,aligned-images/unknown/8-09.png
2,aligned-images/unknown/8-12.png
2,aligned-images/unknown/8-04.png
2,aligned-images/unknown/8-10.png
2,aligned-images/unknown/8-08.png
2,aligned-images/unknown/8-14.png
2,aligned-images/unknown/8-06.png
2,aligned-images/unknown/8-02.png
2,aligned-images/unknown/8-03.png
3,aligned-images/bean/bean_0.png
